ID,PW
434,555
458,69
105,108
73,360
395,353
146,186
79,237
273,188
324,573
427,12
35,413
189,468
600,527
180,238
215,446
179,154
341,515
511,424
92,508
503,493
451,187
79,351
215,572
49,121
172,469
366,529
92,241
329,138
71,425
91,287
346,283
455,24
111,351
418,266
367,214
414,26
107,465
248,107
385,122
296,20
172,190
469,448
328,1
160,355
123,206
241,230
323,556
29,238
356,331
164,483
51,441
363,477
454,352
403,303
434,307
198,251
99,583
368,488
390,352
320,18
91,555
537,561
544,490
571,191
140,359
397,598
342,304
450,493
105,269
213,125
67,100
155,298
492,375
554,300
88,396
201,142
91,491
149,425
331,57
589,547
128,508
531,586
70,514
533,45
549,365
514,246
139,342
576,505
48,514
385,385
249,511
47,65
194,152
163,109
366,327
323,473
600,234
190,499
420,110
135,178
386,13
284,335
121,225
249,4
149,120
304,60
52,498
455,456
516,122
44,505
393,242
199,136
529,50
357,567
591,73
595,394
141,417
156,90
427,34
204,350
593,111
364,132
24,467
392,365
525,27
453,426
570,313
367,314
118,291
183,423
164,265
374,185
380,202
102,479
394,172
538,456
305,55
219,40
219,573
106,410
508,302
231,459
96,240
429,377
382,218
308,351
257,416
72,8
130,340
39,124
358,550
558,89
444,388
428,524
236,358
37,63
198,569
106,85
317,329
232,144
57,274
149,316
373,472
308,195
12,556
7,11
255,399
82,474
102,185
370,269
64,3
573,91
132,411
42,448
567,277
324,478
397,326
468,378
71,54
294,190
460,127
47,150
366,68
526,125
349,270
295,48
458,591
515,221
235,474
452,276
224,559
571,179
70,388
593,120
487,137
442,557
408,388
527,82
465,191
304,561
553,351
251,276
526,588
181,441
189,569
5,176
268,479
100,394
369,335
552,531
129,7
432,72
225,561
242,464
164,514
257,415
262,122
552,293
74,72
355,533
29,538
109,595
547,299
515,170
215,159
270,102
125,462
215,388
588,372
584,164
3,305
37,63
503,393
579,571
482,247
545,488
409,60
509,56
536,498
460,207
243,489
371,409
213,23
76,228
15,317
215,268
587,286
115,1
313,295
341,360
239,543
154,53
433,572
24,550
201,470
500,489
98,345
473,470
218,424
157,593
97,407
315,130
85,448
12,13
228,592
252,236
333,12
580,236
351,227
472,525
547,477
350,271
84,33
334,156
328,474
508,197
78,217
167,492
594,157
564,563
229,234
153,373
166,247
196,466
92,543
468,392
383,265
257,533
167,93
197,373
121,437
162,292
155,10
148,11
482,540
13,251
369,518
292,459
244,90
15,357
474,142
2,575
295,67
172,96
577,378
560,271
171,139
400,53
335,293
547,161
425,507
275,233
186,50
516,322
454,316
499,542
45,394
350,163
208,570
262,89
14,479
570,3
111,448
152,130
389,11
454,120
163,301
10,360
20,241
341,232
267,335
407,317
144,542
532,589
22,58
347,124
546,242
426,295
165,72
505,28
303,443
368,384
514,78
60,72
232,115
421,291
242,283
50,125
472,248
228,526
155,475
243,312
110,357
178,230
481,54
73,514
296,236
12,495
359,490
481,76
474,37
361,119
346,361
562,111
593,373
559,525
276,308
445,479
233,19
282,360
95,596
599,134
568,595
170,479
189,229
488,522
195,310
219,270
301,523
70,581
381,227
229,513
288,236
440,174
325,408
520,259
556,403
326,412
376,441
384,77
480,348
499,581
180,24
463,485
197,456
433,164
545,542
404,96
489,106
455,277
79,342
94,422
471,400
515,589
121,422
287,8
62,433
261,475
416,32
156,190
257,501
409,367
403,551
484,209
166,55
580,547
435,56
493,109
300,474
388,70
305,126
54,495
343,220
158,113
274,454
119,509
503,566
170,62
554,127
102,478
215,101
138,464
40,540
17,392
257,485
47,228
408,357
333,591
305,203
301,134
478,79
154,157
317,572
323,389
236,321
596,464
532,520
250,59
268,501
505,482
405,466
322,551
80,302
55,237
166,208
174,242
411,324
569,505
63,521
157,82
292,401
479,114
487,407
212,34
436,209
477,190
245,293
50,219
525,210
22,211
557,55
111,268
545,115
19,9
151,83
398,102
599,54
62,286
229,363
361,41
327,391
137,367
494,344
549,96
350,272
166,79
578,572
449,295
480,304
108,463
573,534
182,440
594,397
329,423
384,385
393,27
582,576
264,556
405,124
491,266
354,279
162,7
287,384
483,430
583,114
589,537
240,82
288,318
433,474
565,295
280,314
433,120
416,210
519,83
187,235
18,562
301,457
341,242
207,127
258,579
177,469
262,212
364,464
287,536
351,519
410,173
478,286
188,124
217,584
561,273
352,3
355,261
172,510
549,578
304,484
23,376
7,377
198,22
413,448
528,205
449,321
468,260
375,588
513,143
31,296
510,142
392,568
146,354
294,164
308,112
547,78
492,137
554,159
428,578
262,402
512,21
211,29
55,446
34,277
475,30
155,598
462,58
152,169
318,174
359,487
416,523
450,272
144,424
484,408
317,272
347,179
117,494
430,492
523,466
345,446
76,11
394,57
445,208
308,89
596,290
220,101
142,375
478,577
32,83
135,513
354,227
600,441
291,522
411,536
170,26
514,572
331,360
444,206
417,553
155,243
159,213
339,231
54,111
203,80
381,279
581,189
87,246
497,579
450,372
248,453
197,322
142,52
598,554
155,122
399,445
101,576
111,4
406,332
113,333
204,266
264,558
435,563
343,381
283,99
480,49
62,195
258,596
553,350
209,182
307,540
476,210
243,494
253,427
593,45
151,357
373,425
279,307
82,11
574,441
263,497
583,454
526,121
485,67
36,575
264,411
112,68
478,120
31,41
172,39
385,63
230,17
490,211
558,470
328,259
197,316
425,530
327,380
246,4
540,534
547,62
136,294
86,222
344,116
599,96
411,102
283,96
50,169
398,340
273,317
353,423
445,469
75,34
100,213
486,519
289,522
568,93
517,279
547,49
88,174
165,455
181,352
35,185
70,363
260,404
192,569
532,524
9,368
112,225
364,523
157,83
285,334
75,8
522,484
482,487
183,309
409,177
149,567
37,555
581,166
188,503
550,207
135,581
547,261
51,264
141,58
232,327
78,174
238,143
274,88
392,579
267,238
481,319
497,62
260,336
162,572
161,136
291,32
269,100
24,102
51,433
30,236
592,180
280,515
260,242
64,257
239,83
70,529
499,363
487,537
466,371
293,408
99,209
102,309
360,246
505,249
334,375
444,158
501,569
422,112
498,198
182,85
417,337
219,408
495,10
428,81
553,343
367,497
423,378
219,223
110,23
82,251
372,60
233,151
164,190
31,507
529,29
328,231
376,306
337,591
408,473
442,464
409,209
119,315
360,447
457,215
107,525
120,226
471,58
28,155
516,358
346,307
187,541
446,294
366,34
251,114
183,23
38,440
297,280
6,68
544,345
312,493
158,355
341,261
14,575
3,288
460,192
498,246
570,253
575,460
144,382
140,11
478,117
429,225
530,307
523,388
33,257
497,538
595,428
503,594
314,398
73,509
540,355
535,324
571,430
542,247
419,98
368,24
117,110
600,210
446,259
523,396
24,127
133,256
26,167
304,24
295,18
553,489
107,205
267,542
113,418
518,19
111,502
182,313
106,111
25,260
58,325
161,16
536,386
466,143
288,497
100,498
491,558
307,595
420,525
29,225
524,182
67,564
7,496
464,36
265,550
547,342
506,414
294,473
440,93
246,142
307,566
260,48
561,157
528,19
349,193
279,593
51,270
92,458
404,584
475,262
409,244
335,446
124,354
401,516
540,303
561,348
315,208
415,535
568,453
385,432
504,435
464,42
463,516
559,74
546,40
414,504
458,141
12,274
257,255
395,385
92,573
452,273
386,419
284,135
182,315
376,477
297,310
65,193
370,570
167,354
473,189
19,525
531,117
202,552
196,265
110,63
157,398
31,213
230,234
213,474
182,507
61,472
312,387
336,119
188,558
302,262
332,22
69,59
18,450
558,146
108,80
38,577
6,592
536,263
286,157
384,105
100,333
314,556
539,164
99,414
467,378
204,299
91,206
39,318
279,200
592,471
480,148
429,381
589,307
325,4
287,142
226,179
36,291
65,132
139,284
34,179
284,48
265,466
79,509
439,228
61,337
482,102
233,319
551,51
370,542
64,310
492,551
292,588
277,233
186,567
484,270
199,351
512,211
254,422
270,509
516,442
145,541
199,355
23,85
48,282
233,557
387,205
418,572
199,499
33,585
387,189
590,53
358,301
381,329
146,199
427,240
75,276
574,107
462,469
172,399
197,15
173,13
228,438
175,204
433,348
269,580
473,336
402,501
354,269
383,418
573,320
112,269
332,290
128,360
509,323
451,418
282,492
188,318
146,497
539,265
209,595
545,302
596,523
74,443
404,26
268,213
152,463
75,358
314,397
1,573
104,540
433,405
60,149
43,60
321,74
