<?xml version="1.0" encoding="UTF-8"?>
<beans xmlns="http://www.springframework.org/schema/beans"
	xmlns:xsi="http://www.w3.org/2001/XMLSchema-instance"
	xsi:schemaLocation="http://www.springframework.org/schema/beans https://www.springframework.org/schema/beans/spring-beans.xsd">
	
	<bean id="datasource"
		class="org.apache.commons.dbcp.BasicDataSource">
		<property name="driverClassName"
			value="oracle.jdbc.driver.OracleDriver"></property>
		<property name="url"
			value="jdbc:oracle:thin:@183.100.233.88:1521:xe"></property>
		<property name="username" value="SIST4"></property>
		<property name="password" value="java1234"></property>
	</bean>

	<bean id="log4j" class="net.sf.log4jdbc.Log4jdbcProxyDataSource">
		<constructor-arg ref="datasource"></constructor-arg>
		<property name="logFormatter">
			<bean class="net.sf.log4jdbc.tools.Log4JdbcCustomFormatter">
				<property name="loggingType" value="MULTI_LINE"></property>
				<property name="sqlPrefix" value="[SQL] "></property>
			</bean>
		</property>
	</bean>

	<bean id="sessionfactory"
		class="org.mybatis.spring.SqlSessionFactoryBean">
		<property name="dataSource" ref="log4j"></property>
		<property name="mapperLocations"
			value="classpath*:com/routinemaker/**/mapper/*.xml"></property>
		<property name="configLocation" value="/WEB-INF/mybatis.xml"></property>
	</bean>

	<bean class="org.mybatis.spring.SqlSessionTemplate">
		<constructor-arg ref="sessionfactory"></constructor-arg>
	</bean>
		
</beans>
